v_gene_L,j_gene_L,CDRL3,v_gene_H,j_gene_H,CDRH3,source,Poly
IGKV1D-17,IGKJ1,CLQHNSYPWTF,IGHV4-59,IGHJ6,CARDRRGRLWFGDNYYYYGMDVW,wardemann_03,1
IGKV1D-43,IGKJ5,CQQYYSTLLITF,IGHV3-15,IGHJ4,CARGRASLYGSGSYYKDYW,wardemann_03,1
IGKV2-30,IGKJ1,CMQGTHWPWTF,IGHV3-30,IGHJ5,CARDLFGSYSSSWYLTSW,wardemann_03,1
IGKV3-11,IGKJ2,CQQRSNWPLYTF,IGHV3-30,IGHJ6,CARDILVRWRQQLVRGRYYYGMDVW,wardemann_03,1
IGKV1-6,IGKJ1,CLQDYNYPRTF,IGHV3-11,IGHJ6,CARSVVTSLFSSYYYYGMDVW,wardemann_03,1
IGKV2-30,IGKJ4,CMQGTHWPF,IGHV4-59,IGHJ3,CAREGGIVGATVRDSGDAFDIW,wardemann_03,1
IGKV3-20,IGKJ1,CQQYGSSLTWTF,IGHV3-30,IGHJ6,CARDRSYYYYGMDVW,wardemann_03,1
IGKV2-30,IGKJ2,CMQGTHWPPYTF,IGHV1-3,IGHJ6,CARNRGSGVLTKYYYYYYGMDVW,wardemann_03,0
IGLV1-51,IGLJ3,CLAWDTSLRAWVF,IGHV3-21,IGHJ4,CARAGNSSGYYVDYW,wardemann_03,1
IGLV7-46,IGLJ2,CWLSYSGARPVF,IGHV3-21,IGHJ4,CARGEPATGFDYW,wardemann_03,0
IGLV1-47,IGLJ3,CAAWDDSLSGWVF,IGHV3-53,IGHJ1,CARVRFGLRIGGSVEYFQHW,wardemann_03,1
IGLV2-23,IGLJ2,CCSYAGSSTVVF,IGHV3-21,IGHJ4,CARGSFKTKREDIVVVPAADIFDYW,wardemann_03,0
IGLV2-14,IGLJ2,CSSYTSSSFAVF,IGHV4-59,IGHJ6,CARDRRGRLWFGDNYYYYGMDVW,wardemann_03,1
IGKV4-1,IGKJ4,CQQYYSTPLTF,IGHV3-23,IGHJ5,CARTSRTTGTTRRPW,wardemann_03,1
IGKV1-8,IGKJ1,CQQYYSYPRGAF,IGHV3-23,IGHJ4,CARGARPSPSNYLYYW,wardemann_03,1
IGKV1-16,IGKJ4,CQQYNSYPLLTF,IGHV4-34,IGHJ4,CARGSGGSYLEASFDYW,wardemann_03,0
IGKV1D-39,IGKJ1,CQQSYSTPRTF,IGHV3-33,IGHJ4,CARYSSRADYW,wardemann_03,0
IGKV3-20,IGKJ1,CQQYGSSRTF,IGHV3-30,IGHJ6,CARDLTLNYDFWSGYSFHYYYGMDVW,wardemann_03,1
IGKV2D-28,IGKJ4,CMQARPF,IGHV4-34,IGHJ5,CARGRYCSSTSCYTINWFDPW,wardemann_03,1
IGKV4-1,IGKJ3,CQQYYSTPF,IGHV3-74,IGHJ5,CARSDNGSGSYNWFDPW,wardemann_03,1
IGLV1-47,IGLJ1,CAAWDDSLSGPRVF,IGHV3-21,IGHJ6,CARIHQYGSGRGRWLTLRHNYYYGMDVW,wardemann_03,1
IGLV1-44,IGLJ3,CAAWDDSLNGRVF,IGHV3-23,IGHJ5,CARTSRTTGTTRRPW,wardemann_03,1
IGLV1-36,IGLJ2,CAAWDDSLNGEAF,IGHV3-23,IGHJ4,CARVVRAAAGTIEPLDYW,wardemann_03,0
IGLV3-25,IGLJ3,CQSADSSGTF,IGHV3-48,IGHJ6,CARQMGGVDTAMVPYGMDVW,wardemann_03,0
IGLV1-44,IGLJ3,CAAWDDSLNGWVF,IGHV4-39,IGHJ5,CARDVYYGSGSYWRGHSKINWFDPW,wardemann_03,1
IGLV1-44,IGLJ3,CAAWDDSLNGPVWVF,IGHV4-34,IGHJ5,CARGRYCSSTSCYTINWFDPW,wardemann_03,0
IGLV3-1,IGLJ1,CQAWDSSTAGVF,IGHV1-69,IGHJ4,CARDPIRQWELHYPYYFDYW,wardemann_03,1
IGLV1-40,IGLJ1,CQSYDSSLSGYVF,IGHV4-59,IGHJ5,CARDLSSYYGSGSYRANWFDPW,wardemann_03,0
IGLV1-44,IGLJ3,CAAWDDSLNGPVWVF,IGHV4-34,IGHJ4,CARGKRVAGYTCFEYW,wardemann_03,0
IGKV1-9,IGKJ1,CQQLNSYPPWTF,IGHV3-15,IGHJ3,CARDLMANSSSSLAFDIW,wardemann_03,0
IGKV1D-39,IGKJ4,CQQSYSTPRTF,IGHV4-39,IGHJ5,CARRSPKYCSSTSCHHNWFDPW,wardemann_03,0
IGKV1-8,IGKJ1,CQQYYSYPQTF,IGHV3-7,IGHJ6,CARVSCSGGSCPAGYYGMDVW,wardemann_03,0
IGKV1-5,IGKJ1,CQQYNSYWTF,IGHV3-33,IGHJ4,CARDRYYGSGSYSDLPDYW,wardemann_03,0
IGKV1-5,IGKJ1,CQQYNSYSRTF,IGHV1-18,IGHJ4,CARDRDYSSGWYYFDYW,wardemann_03,0
IGKV1-9,IGKJ3,CQQLNSYPF,IGHV3-15,IGHJ4,CARSLGLLPDRIIDYW,wardemann_03,1
IGKV1-8,IGKJ2,CQQYYSYPPTF,IGHV3-23,IGHJ4,CARDLGSVRGVIEEYW,wardemann_03,0
IGKV1D-39,IGKJ2,CQQSYSTPYTF,IGHV4-34,IGHJ6,CARTLSSSSRFYYYGSDVW,wardemann_03,0
IGKV1D-39,IGKJ2,CQQSYSTPPTF,IGHV3-30,IGHJ4,CARGIVARRGGLYYFDYW,wardemann_03,0
IGKV1D-39,IGKJ1,CQQSYSTPRAF,IGHV3-15,IGHJ4,CAREDYYDSSGLRRGVANLSSDFPYCFDYW,wardemann_03,0
IGKV1-33,IGKJ4,CQQYDNLLFTF,IGHV3-15,IGHJ6,CARESGLTGYGPPPSLPYYYGSDVW,wardemann_03,0
IGKV3-15,IGKJ3,CQQYNNWFTF,IGHV3-23,IGHJ4,CARDRAAAAAGGPFDYW,wardemann_03,0
IGKV3-11,IGKJ4,CQQRSNWGLTF,IGHV4-39,IGHJ4,CARHRSIAAAATDYW,wardemann_03,0
IGKV3-15,IGKJ1,CQQYNNWPRTF,IGHV4-34,IGHJ5,CARISENCSGGSCYANWFDPW,wardemann_03,0
IGKV1D-8,IGKJ1,CQQYYSPLWTF,IGHV3-11,IGHJ4,CARATEAAVAGPNLPDYW,wardemann_03,1
IGKV3-20,IGKJ1,CQQYGSSLWTF,IGHV1-2,IGHJ5,CARYLVYGDYVHSW,wardemann_03,0
IGKV3-15,IGKJ2,CQQYNNWPQYTF,IGHV4-31,IGHJ4,CAREGYGVFDYW,wardemann_03,0
IGKV1D-39,IGKJ1,CQQSYSTLWTF,IGHV3-21,IGHJ6,CARWLPAREGATATLSYGMDVW,wardemann_03,0
IGKV1-9,IGKJ5,CQQLNSYPPITF,IGHV3-33,IGHJ6,CARDLTGHIVVVTAHYYGMDVW,wardemann_03,0
IGKV1-5,IGKJ1,CQQYNSYSRTF,IGHV3-15,IGHJ6,CARDLRHSYGLQNSYYYYGMDVW,wardemann_03,0
IGKV1-5,IGKJ2,CQQYNSYSPLTF,IGHV4-39,IGHJ4,CARQERVVVPAATFDYW,wardemann_03,0
IGKV4-1,IGKJ4,CQQYYSTPVTF,IGHV1-69,IGHJ5,CARGPYIAVAGTPNWFDPW,wardemann_03,0
IGLV1-44,IGLJ2,CAAWDDSLNGVVF,IGHV1-46,IGHJ6,CARDPDTAMVNYYYYGMDVW,wardemann_03,0
IGLV4-69,IGLJ3,CQTWGTGIRVF,IGHV3-11,IGHJ4,CARENPGFDYW,wardemann_03,0
IGLV2-11,IGLJ3,CCSYTSSASWVF,IGHV1-18,IGHJ4,CARDCSSTSCYAEVDYW,wardemann_03,0
IGLV7-43,IGLJ2,CLLYYGGARDF,IGHV4-61,IGHJ6,CARDLILTDRSPYYYYGMDVW,wardemann_03,1
IGLV2-14,IGLJ1,CSSYTSSSTLVYVF,IGHV5-51,IGHJ5,CARHGIAGLWGRIAVAGTCNSGNNWFDPW,wardemann_03,0
IGLV1-44,IGLJ2,CAAWDDSLNGVVF,IGHV3-15,IGHJ4,CARVPSGGSCYAESGDYW,wardemann_03,0
IGLV2-14,IGLJ2,CSSYTSSSTLGVF,IGHV3-11,IGHJ4,CARATEAAVAGPNLPDYW,wardemann_03,0
IGLV2-14,IGLJ2,CSSYTSSSTVVF,IGHV5-51,IGHJ4,CARHDGRYYDSSGYYPGDYW,wardemann_03,0
IGLV1-51,IGLJ3,CGTWDSSLSAWVF,IGHV1-69,IGHJ2,CARGERGELPTGGLGQQLVKWNWYEDLW,wardemann_03,0
IGLV2-14,IGLJ2,CSSYTSSSTLVF,IGHV1-18,IGHJ3,CARESGVRGVIGAFDIW,wardemann_03,0
IGLV3-1,IGLJ2,CQAWDSSTAGVF,IGHV3-23,IGHJ6,CARGIAAAGIDNYYYGMDVW,wardemann_03,0
IGKV3-20,IGKJ4,CQQYGSSPLTF,IGHV4-59,IGHJ6,CARHGLLGPVALVGYYGMDVW,wardemann_03,0
IGKV1-5,IGKJ2,CQQYNSYTF,IGHV3-21,IGHJ3,CARDGLYGDYAGDAFDIW,wardemann_03,0
IGKV1-5,IGKJ1,CQQYNSFTWTF,IGHV1-2,IGHJ4,CARDRGIAASLERPDYW,wardemann_03,0
IGKV1D-39,IGKJ4,CQQSYSTLLTF,IGHV4-34,IGHJ3,CARDFSLTGQLWLKKGYAFDIW,wardemann_03,0
IGKV3-20,IGKJ2,CQQYGSSPYTF,IGHV4-34,IGHJ5,CARGPRWLDPW,wardemann_03,0
IGKV1D-39,IGKJ1,CQQSYSTPPTF,IGHV4-34,IGHJ4,CARGGVRGVISQSDYW,wardemann_03,0
IGKV1D-39,IGKJ2,CQQSYSTPYTF,IGHV1-2,IGHJ6,CARANHDSGSRTHYYYYGMDVW,wardemann_03,1
IGKV3-20,IGKJ4,CQQYGSSRSLTF,IGHV3-15,IGHJ4,CARGLQLQKPLQLDYW,wardemann_03,0
IGKV2-24,IGKJ1,CMQATQFPWTF,IGHV1-24,IGHJ4,CARGPPYDSSGYYTLSIDYW,wardemann_03,0
IGKV3-20,IGKJ2,CQQYGSSFMYTF,IGHV3-30,IGHJ5,CARPYYYDSSGYLDPW,wardemann_03,0
IGKV1D-8,IGKJ1,CQQYYSFPWTF,IGHV4-4,IGHJ3,CARVGYSYGSDAFDSW,wardemann_03,0
IGKV3-15,IGKJ1,CQQYNNWPPWTF,IGHV3-21,IGHJ4,CARGTMVRGVHFDYW,wardemann_03,0
IGKV3-20,IGKJ5,CQQYGSSPITF,IGHV4-39,IGHJ4,CARGGGIAAADPWAFDYW,wardemann_03,0
IGKV1-27,IGKJ4,CQKYNSAPALTF,IGHV4-59,IGHJ4,CARSTPLSSGWSLEGFFNYFDYW,wardemann_03,0
IGKV1-8,IGKJ2,CQQYYSYPPGYSF,IGHV3-9,IGHJ3,CARDIKWQQPGAGHDAFDIW,wardemann_03,0
IGKV3-15,IGKJ3,CQQYNNWPRLTF,IGHV3-7,IGHJ6,CARLWFGSYYYYGMDVW,wardemann_03,1
IGKV2D-28,IGKJ2,CMQALQTLYTF,IGHV3-33,IGHJ6,CARVGSSPHTTQIYYYYGMDVW,wardemann_03,0
IGKV1D-39,IGKJ2,CQQSYSTPYTF,IGHV1-69,IGHJ3,CARREVEMATIAVGATVNDAFDW,wardemann_03,0
IGKV1-5,IGKJ1,CQQYSGLYRSF,IGHV3-30,IGHJ4,CARAPTRITMIVVVISPPRYYFDYW,wardemann_03,1
IGKV3-20,IGKJ4,CQQYGSSLTF,IGHV3-15,IGHJ5,CARVLDYDYVWGSYLGAPW,wardemann_03,0
IGKV1-5,IGKJ1,CQQYNSYPWTF,IGHV3-21,IGHJ6,CARGVVGAPYYYYGMDVW,wardemann_03,1
IGKV1-8,IGKJ4,CQQYYSYPPLTF,IGHV1-2,IGHJ4,CARWDDSSGYYYYW,wardemann_03,0
IGKV3-15,IGKJ3,CQQYNNWPITF,IGHV3-74,IGHJ4,CARESGSYGYW,wardemann_03,0
IGKV4-1,IGKJ2,CQQYYSTPQTF,IGHV4-4,IGHJ4,CARDLGVGRFLEGNWNPFDYW,wardemann_03,0
IGLV1-47,IGLJ3,CAAWDDSLSGWVF,IGHV4-34,IGHJ3,CARRYFDFSFDIW,wardemann_03,0
IGLV1-40,IGLJ3,CQSYDSSLSGWEF,IGHV5-51,IGHJ3,CARPLYSSSWPGAFDIW,wardemann_03,0
IGLV2-11,IGLJ2,CCSYAGSKEF,IGHV4-61,IGHJ4,CARDARAIIDYW,wardemann_03,0
IGLV7-46,IGLJ2,CLLSYSGARVF,IGHV1-2,IGHJ6,CARANHDSGSRTHYYYYGMDVW,wardemann_03,0
IGLV2-23,IGLJ3,CCSCAGSSTWVF,IGHV3-30,IGHJ4,CAREVTTDHFDYW,wardemann_03,0
IGLV2-23,IGLJ1,CSSCAGSSTYVF,IGHV3-15,IGHJ6,CARDSPLYYAAAGKGQYYYYGMDVW,wardemann_03,0
IGLV1-44,IGLJ3,CAAWDDSLNGREVF,IGHV4-39,IGHJ5,CARKRERGESGWFDPW,wardemann_03,0
IGLV2-14,IGLJ1,CSSYTSSSTLVF,IGHV5-51,IGHJ3,CARRKIGTYSGSFGYAFDIW,wardemann_03,0
IGLV1-40,IGLJ2,CQSYDSSLWRGVF,IGHV3-33,IGHJ4,CARDSDSSSWYRGVTFDYW,wardemann_03,0
IGLV1-51,IGLJ1,CGTWDSSLSAFYVF,IGHV3-30,IGHJ4,CARDATLLGSSWLNYFDYW,wardemann_03,0
IGLV1-51,IGLJ2,CGTWDSSLSAGVVF,IGHV4-34,IGHJ4,CARASGNSSQIDYW,wardemann_03,0
IGLV2-14,IGLJ1,CSSYTTSSTYVF,IGHV3-30,IGHJ5,CARDRRGIAAPGPHNWFDPW,wardemann_03,0
IGLV3-21,IGLJ2,CQVWDSSSDVVF,IGHV4-31,IGHJ4,CARGRARATIDYFDFW,wardemann_03,0
IGLV1-44,IGLJ3,CAAWDDSLNGWVF,IGHV3-15,IGHJ5,CARVLDYDYVWGSYLGAPW,wardemann_03,0
IGKV1D-39,IGKJ1,CQQSYSTPWTF,IGHV3-53,IGHJ6,CARGKDIVVVPAQGGYYYYGMDVW,wardemann_03,0
IGKV3-15,IGKJ1,CQQYNNWLWTF,IGHV3-21,IGHJ4,CARDLEYYDILTGYDDYW,wardemann_03,0
IGKV2D-28,IGKJ3,CMQALQTPLTF,IGHV5-51,IGHJ6,CARHYCSGGSCYSGTFGMDVW,wardemann_03,0
IGKV1-5,IGKJ2,CQQYNSYLVTF,IGHV3-13,IGHJ5,CARRGDNWFDPW,wardemann_03,0
IGKV1-27,IGKJ3,CQKYNSAPPFTF,IGHV3-30,IGHJ6,CARDGGYYDSSGYYGAYYGMDVW,wardemann_03,0
IGKV1-27,IGKJ1,CQKYNSAPRTF,IGHV4-34,IGHJ4,CAREPEGDPW,wardemann_03,0
IGKV1-9,IGKJ5,CQQLNSYPFTF,IGHV3-30,IGHJ6,CARDLAYCGGDCNLAGRYGMDVW,wardemann_03,0
IGKV1-5,IGKJ4,CQQYNSYLLTF,IGHV3-15,IGHJ3,CARDSLGAAPRPHDSSGYHSNDAFDIW,wardemann_03,0
IGKV3-20,IGKJ1,CQQYGSSPWTF,IGHV4-59,IGHJ6,CARGEQWLVYGMDVW,wardemann_03,0
IGKV2D-28,IGKJ4,CMQALQTLTF,IGHV3-21,IGHJ6,CAREPYYDFPGAGMDVW,wardemann_03,0
IGKV3-15,IGKJ5,CQQYNNWPATF,IGHV4-39,IGHJ4,CARHNFQAYSYGPLRNW,wardemann_03,1
IGKV1D-39,IGKJ2,CQQSYSTSYTF,IGHV3-15,IGHJ6,CARDDWKVVVAATPDYYYGMDVW,wardemann_03,0
IGKV3-20,IGKJ4,CQQYGSSPLF,IGHV3-74,IGHJ3,CARGRTVTTVWKAFDIW,wardemann_03,1
IGKV2D-28,IGKJ2,CMQALQNSGYTF,IGHV3-30,IGHJ6,CARLFWSGYYHYYGMDVW,wardemann_03,0
IGKV1-6,IGKJ1,CLQDYNYLPTF,IGHV3-30,IGHJ4,CARLPQTLPEITMVRGVCDYW,wardemann_03,1
IGKV3-20,IGKJ2,CQQYGSSPYTF,IGHV3-23,IGHJ3,CARDLRVSYCGGDCYADAFDIW,wardemann_03,0
IGKV3-11,IGKJ2,CQQRSNWPHTF,IGHV3-30,IGHJ6,CARDSRGMDVW,wardemann_03,0
IGLV1-40,IGLJ1,CSYDSSLSGSGVF,IGHV5-51,IGHJ6,CARWGTLEMATPFYYGMDVW,wardemann_03,0
IGLV1-51,IGLJ3,CGTWDSSLYAGVF,IGHV3-7,IGHJ5,CARDQGIAEFDPW,wardemann_03,0
IGLV2-14,IGLJ1,CSSYTSSSLYVF,IGHV3-9,IGHJ6,CARDLGRPGGSHYALDYYYGMDVW,wardemann_03,0
IGLV1-44,IGLJ1,CAAWDDSLNGFYVF,IGHV4-59,IGHJ6,CARVVPAAISYYYGMDVW,wardemann_03,0
IGLV1-51,IGLJ3,CGTWDSSLSVSWVF,IGHV4-39,IGHJ6,CARFFGYYYGMDVW,wardemann_03,0
IGLV2-14,IGLJ1,CSSYTSSSTLDVF,IGHV4-31,IGHJ4,CARGGRVRGVIISPDFDYW,wardemann_03,0
IGLV1-40,IGLJ3,CQSYDSSLSGWVF,IGHV3-49,IGHJ3,CARDPSGWFQEPIW,wardemann_03,0
IGLV2-14,IGLJ2,CSSYTSSSPVVF,IGHV4-39,IGHJ4,CARQLDLYYFDYW,wardemann_03,0
IGLV1-44,IGLJ1,CAAWDDSLNEGVF,IGHV5-51,IGHJ5,CARRSEPGEDYGDYNWFDPW,wardemann_03,0
IGKV1D-39,IGKJ1,CQQSYSTPPTF,IGHV3-13,IGHJ6,CARLNGLVRGVNYGMDVW,wardemann_03,0
IGKV3-11,IGKJ1,CQQRSNWPGTF,IGHV3-7,IGHJ4,CARGLREIAAAGTGNHYYFDYW,wardemann_03,0
IGKV3-11,IGKJ4,CQQRSNWPLTF,IGHV3-48,IGHJ4,CARVVYVAAAGTDW,wardemann_03,0
IGKV3-20,IGKJ1,CQQYGSSPRWTF,IGHV3-48,IGHJ4,CARLGHIVVEEPAGAADYW,wardemann_03,0
IGKV1-33,IGKJ4,CQQYDNLPLTF,IGHV1-46,IGHJ6,CARPLNCSSTSCYSSGMDVW,wardemann_03,0
IGKV1D-39,IGKJ4,CQQSYSTPLTF,IGHV1-3,IGHJ6,CAREPGCSSTSCHTMAHGHYYYGMDVW,wardemann_03,0
IGKV3-20,IGKJ3,CQQYGSSPLF,IGHV1-18,IGHJ4,CARGMTTVTTFEELVTDYW,wardemann_03,0
IGKV1-5,IGKJ1,CQQYNSYPWTF,IGHV4-59,IGHJ4,CARGGSSGWYDYW,wardemann_03,0
IGKV3-11,IGKJ1,CQQRSNWLWTF,IGHV4-39,IGHJ4,CARDCSGGSCYSALNDYW,wardemann_03,0
IGKV1-5,IGKJ4,CQQYNSYPLTF,IGHV3-23,IGHJ4,CARDASPGTTSYW,wardemann_03,0
IGKV3-15,IGKJ2,CQQWNNWPPSF,IGHV1-69,IGHJ4,CARGAYYYDSSGYYKSESNRLHDYW,wardemann_03,0
IGKV1-9,IGKJ2,CQQLNSYPYTF,IGHV3-33,IGHJ1,CARDSPQQRPSGLKHW,wardemann_03,0
IGKV1-8,IGKJ3,CQQYYSYPPFTF,IGHV1-46,IGHJ5,CAREGVTRDYGDYGDMKAVGWFDPW,wardemann_03,0
IGKV1D-39,IGKJ1,CQQSYSTPRTF,IGHV3-7,IGHJ6,CARDQVPAAIVSYYYYGMDVW,wardemann_03,0
IGKV1-5,IGKJ2,CQQYNSYSPYSF,IGHV5-51,IGHJ4,CARFSYCSSTSCLKSDYW,wardemann_03,0
IGKV3-15,IGKJ1,CQQYNNWPRTF,IGHV3-33,IGHJ3,CARIPIVGATEAFDIW,wardemann_03,0
IGKV1D-16,IGKJ5,CQQYNSYPITF,IGHV3-53,IGHJ4,CARGRYTAMVFDYW,wardemann_03,1
IGKV3-20,IGKJ2,CQQYGSSPNTF,IGHV1-18,IGHJ4,CARLPPVMAIDYW,wardemann_03,0
IGKV3-20,IGKJ4,CQQYGSSPLTF,IGHV1-2,IGHJ3,CARGLYYYDSSGYHFDAFDIW,wardemann_03,0
IGKV1D-13,IGKJ4,CQQFNSYPHTF,IGHV3-7,IGHJ4,CARRGTYYYDSSGYWGYW,wardemann_03,0
IGLV3-10,IGLJ3,CYSTDSSGNHRVF,IGHV1-18,IGHJ4,CARAYYDSSGYRDYW,wardemann_03,0
IGLV3-1,IGLJ2,CQAWDSSTVVF,IGHV1-2,IGHJ4,CARGNPGGRGGFDYW,wardemann_03,1
IGLV3-1,IGLJ2,CQAWDSSTVVF,IGHV3-30,IGHJ4,CARDMTSNLDYW,wardemann_03,0
IGLV2-23,IGLJ3,CCSYAGSSTWVF,IGHV1-46,IGHJ6,CARPLNCSSTSCYSSGMDVW,wardemann_03,0
IGLV1-51,IGLJ2,CGTWDSSLSVVVF,IGHV3-30,IGHJ6,CARGRTVTTVIYYGMDVW,wardemann_03,0
IGLV1-40,IGLJ2,CQSYDSSLSGVVF,IGHV3-7,IGHJ5,CARHYDSRTNWFDPW,wardemann_03,0
IGLV3-25,IGLJ2,CQSADSSGTSVVF,IGHV3-23,IGHJ4,CARDASPGTTSYW,wardemann_03,0
IGLV2-11,IGLJ3,CCSYAGSYTWVF,IGHV4-59,IGHJ5,CARDHLGAGSNWFDPW,wardemann_03,0
IGLV2-14,IGLJ1,CSSYTSPYVF,IGHV4-34,IGHJ4,CARGIPDAVVVTAISTYDYW,wardemann_03,0
IGLV1-51,IGLJ2,CGTWDSSLSAVVF,IGHV3-48,IGHJ5,CAREAGYSSSPSWFDPW,wardemann_03,0
IGKV3-15,IGKJ1,CQQYNNWPWTF,IGHV4-39,IGHJ4,CARHVYYYDSSGYYPQYFDYW,wardemann_03,0
IGKV2D-28,IGKJ1,CMQALQTPRTF,IGHV3-7,IGHJ6,CARDKGGIYYYYYGMDVW,wardemann_03,0
IGKV3-20,IGKJ1,CQQYGSSLPWTF,IGHV4-59,IGHJ6,CARAGYDKATYYYYGSDVW,wardemann_03,0
IGKV1-5,IGKJ1,CQQYNSYSRTF,IGHV3-43,IGHJ3,CARDRLGFGPGLGNAFDIW,wardemann_03,0
IGKV1-5,IGKJ2,CQQYNSFQYTF,IGHV3-53,IGHJ4,CAREADYGGNSGLFNYW,wardemann_03,0
IGKV1-5,IGKJ4,CQQYNSYPLTF,IGHV3-15,IGHJ1,CARELHW,wardemann_03,0
IGKV1D-39,IGKJ5,CQQSYSTPITF,IGHV1-24,IGHJ6,CARVSRGGSYPYGSDVW,wardemann_03,0
IGKV3-11,IGKJ5,CQQRSNWPPITF,IGHV3-48,IGHJ5,CARVPIAAAPNWFDPW,wardemann_03,0
IGKV3-15,IGKJ4,CQQYNNWLTF,IGHV4-39,IGHJ3,CARGGYYDILTGYYTEPRDDASKGTFDIW,wardemann_03,0
IGKV3-20,IGKJ2,CQQYGSSPPCTF,IGHV4-34,IGHJ6,CARGTYSSGWPDYYYYGMDVW,wardemann_03,0
IGKV3-20,IGKJ3,CQQYGSSPPITF,IGHV4-34,IGHJ6,CARGRISWAFNRHGMDVW,wardemann_03,0
IGKV3-15,IGKJ1,CQQYNNWPRGTF,IGHV4-39,IGHJ4,CARFGYCSGGSCLPFDYW,wardemann_03,0
IGKV3-20,IGKJ2,CQQYGSSSYTF,IGHV3-15,IGHJ6,CARDPPPRIVVVPAPGDYYYYYGMDVW,wardemann_03,0
IGKV1D-39,IGKJ4,CQQSYSTPLTF,IGHV1-3,IGHJ4,CARDFSLGYSYGLQNPTNFDYW,wardemann_03,0
IGKV1D-39,IGKJ2,CQQSYSTPHTF,IGHV3-30,IGHJ4,CARDLSYYYDSSGLDYW,wardemann_03,0
IGKV1D-39,IGKJ1,CQQSYSTQWTF,IGHV3-48,IGHJ4,CARSPGYYYDSRGIFDYW,wardemann_03,0
IGKV1-9,IGKJ2,CQQLNSYPHTF,IGHV3-48,IGHJ6,CARDNSGSYFPANYYYYYGMDVW,wardemann_03,0
IGKV2-30,IGKJ4,CMQGTHWSLTF,IGHV1-69,IGHJ6,CARAGDTAAPPTSTYYYYGMDVW,wardemann_03,1
IGKV1-33,IGKJ2,CQQYDNLPYTF,IGHV1-18,IGHJ3,CAREPLPMVRGVSVAFDIW,wardemann_03,0
IGKV1-9,IGKJ4,CQQLNSYPLTF,IGHV3-30,IGHJ3,CARTTVVTVVDAFDIW,wardemann_03,0
IGKV3-11,IGKJ2,CQQRSNWPPYTF,IGHV3-21,IGHJ6,CARDPYGMDVW,wardemann_03,0
IGKV3-20,IGKJ5,CQQYGSSPRITF,IGHV4-34,IGHJ4,CARGPHDYGAFPNDYW,wardemann_03,0
IGKV2D-28,IGKJ1,CMQALQTPRTF,IGHV3-23,IGHJ6,CAREARSGATGSLYYYYGMDVW,wardemann_03,0
IGKV3-20,IGKJ1,CQQYGSSPTF,IGHV3-49,IGHJ4,CARHYYDSPFDYW,wardemann_03,0
IGKV1D-39,IGKJ1,CQQSYSTPWTF,IGHV1-46,IGHJ4,CARVGGSGSYYNRYFDYW,wardemann_03,0
IGKV1D-39,IGKJ1,CQQSYSTPQTF,IGHV4-59,IGHJ3,CARNSYYYDSSGYFDAFDIW,wardemann_03,0
IGKV1-33,IGKJ4,CQQYDNLLVF,IGHV3-15,IGHJ4,CARGKRDYGGNSFDYW,wardemann_03,0
IGKV1D-39,IGKJ1,CQQSYSTSWTF,IGHV3-48,IGHJ4,CARESGVAVAGTFADYW,wardemann_03,0
IGKV1D-39,IGKJ2,CQQSYSTPYTF,IGHV1-69,IGHJ6,CARNLAASGGYYGMDVW,wardemann_03,0
IGKV3-15,IGKJ1,CQQYNNWPPTF,IGHV4-39,IGHJ4,CARWVGETDYW,wardemann_03,0
IGKV1-9,IGKJ4,CQQLNSYPLTF,IGHV1-46,IGHJ4,CARGGMTTVTTGFDYW,wardemann_03,0
IGKV3-15,IGKJ2,CQQYNNWPMYTF,IGHV3-23,IGHJ4,CARKDTSPVGTRGADYW,wardemann_03,1
IGKV1D-39,IGKJ2,CQQSYSTLYTF,IGHV3-15,IGHJ3,CARVELRLGELSLLAIW,wardemann_03,0
IGKV3-15,IGKJ4,CQQYNNWPLTF,IGHV3-48,IGHJ4,CARVDSSGWYGYW,wardemann_03,0
IGLV1-44,IGLJ3,CAAWDDSLNGRVF,IGHV4-28,IGHJ4,CARDRYGFYGDYDGGDYW,wardemann_03,0
IGLV2-14,IGLJ1,CSSYTSSSTGVF,IGHV4-34,IGHJ4,CARGRPAITMVRGVMNRDDYW,wardemann_03,1
IGLV3-21,IGLJ2,CQVWDSSSDHGVF,IGHV3-74,IGHJ6,CARDRYFDWLLAGMDVW,wardemann_03,0
IGLV3-21,IGLJ1,CSSYTSSSTHVF,IGHV5-51,IGHJ2,CARGYYDVWYFDLW,wardemann_03,0
IGLV3-1,IGLJ2,CQAWDSSTGVVF,IGHV3-23,IGHJ4,CARDRSHSITMIVVAPWEDW,wardemann_03,0
IGLV3-21,IGLJ3,CQVWDSSSDRVF,IGHV4-39,IGHJ3,CARGGYYDILTGYYTEPRDDASKGTFDIW,wardemann_03,0
IGLV1-44,IGLJ2,CAAWDDSLNGVVF,IGHV3-15,IGHJ4,CARDLLRWELLDYW,wardemann_03,0
IGLV2-14,IGLJ1,CSSYTSSSTLYVF,IGHV4-39,IGHJ2,CARSASQQLVWGWWYFDLW,wardemann_03,0
IGLV2-14,IGLJ2,CSSYTSSSTVVF,IGHV3-48,IGHJ6,CARRGIVVVGEGYYYYYGRDVW,wardemann_03,0
IGLV2-14,IGLJ1,CSSYTSSSTHNYVF,IGHV1-69,IGHJ6,CARDLRIQLWSTKLPDYYYYYGMDVW,wardemann_03,0
IGLV1-40,IGLJ2,CQSFDSSPSGYVVF,IGHV4-39,IGHJ1,CARHSAAAPPPNWYFNLW,wardemann_03,0
IGLV1-36,IGLJ3,CATRDDSLNGWVF,IGHV4-28,IGHJ4,CARCGVVVKVAYFDLW,wardemann_03,1
IGLV1-40,IGLJ2,CQSYDSSLTEGVVF,IGHV1-2,IGHJ6,CARELWFGEVRNGMDVW,wardemann_03,0
IGLV1-40,IGLJ3,CQSYDSSLSAWVF,IGHV5-51,IGHJ5,CARLQRPNHCSGGSCYWFDPW,wardemann_03,0
IGLV1-44,IGLJ1,CSSYTSSSTPYVF,IGHV3-9,IGHJ4,CARDIGRGSYWGMDYW,wardemann_03,0
IGLV1-36,IGLJ2,CSSYTSSSTPYVF,IGHV5-51,IGHJ6,CARHVGFGEFSQTDYYYYGMDVW,wardemann_03,0
IGLV2-23,IGLJ3,CSSYTSSSTPYVF,IGHV4-34,IGHJ4,CARNPPGHVVVTASPNFDYW,wardemann_03,0
IGLV3-21,IGLJ2,CSSYTSSSTPYVF,IGHV3-30,IGHJ6,CARDKSPNSGSYLLTYGMDVW,wardemann_03,0
IGLV1-40,IGLJ2,CSSYTSSSTPYVF,IGHV1-69,IGHJ5,CARVSLVTAEDWDNWFDPW,wardemann_03,0
IGLV1-51,IGLJ2,CSSYTSSSTPYVF,IGHV3-43,IGHJ4,CARDGVVVVTATYFDYW,wardemann_03,0
IGLV1-47,IGLJ1,CSSYTSSSTPYVF,IGHV3-11,IGHJ4,CARDEGWFGELSCDYW,wardemann_03,0
IGLV2-8,IGLJ3,CSSYTSSSTPYVF,IGHV4-34,IGHJ6,CAREDAYCSSTSCYGGYYYGMDVW,wardemann_03,0
IGLV2-14,IGLJ2,CSSYTSSSTPYVF,IGHV1-8,IGHJ3,CARSYYDSSGYYSPTFFDIW,wardemann_03,0
IGKV4-1,IGKJ1,CQQYYSTPPTF,IGHV1-2,IGHJ4,CARDNWNDAYYFDYW,wardemann_03,0
IGKV3-20,IGKJ2,CQQYGSSPDTF,IGHV4-34,IGHJ4,CARGLLGDEWSSPLPFDYW,wardemann_03,0
IGKV3-20,IGKJ3,CQQYGSSLFTF,IGHV1-18,IGHJ6,CARNLLLWFGELGYNGMDVW,wardemann_03,0
IGKV1D-39,IGKJ1,CQQSYSTPPTF,IGHV3-30,IGHJ4,CAREHNWAGEIFDYW,wardemann_03,0
IGKV3-15,IGKJ4,CQQYNNWPSLTF,IGHV4-39,IGHJ4,CARVFNRMWELSPLYYFDYW,wardemann_03,0
IGKV3-20,IGKJ3,CQQYASSGFF,IGHV4-39,IGHJ4,CARNYYDRPFDYW,wardemann_03,0
IGKV2-30,IGKJ2,CMQGTHWPYSF,IGHV1-24,IGHJ5,CARGLGTYYDFWSGYPW,wardemann_03,0
IGKV3-20,IGKJ1,CQQYGSSHRTF,IGHV1-2,IGHJ5,CARATSDWPRRKGEFDPW,wardemann_03,0
IGKV1-16,IGKJ2,CQQYNSYPYTF,IGHV3-9,IGHJ5,CARDGIAARPVVPWFDPW,wardemann_03,0
IGKV3-20,IGKJ4,CQQYGSQVTF,IGHV4-59,IGHJ4,CARLEQWLATFDYW,wardemann_03,0
IGKV2-28,IGKJ1,CMQALQTPRTF,IGHV4-31,IGHJ4,CARDFDYW,wardemann_03,0
IGKV3-20,IGKJ2,CQQYGSSHSF,IGHV4-39,IGHJ4,CARGEEWGIQLWLRLGYDYW,wardemann_03,0
IGKV3-11,IGKJ4,CQQRSNWPLTF,IGHV3-48,IGHJ6,CARLFRGGATPYYYYGMDVW,wardemann_03,0
IGKV3-20,IGKJ2,CQQYGSSPPYSF,IGHV3-48,IGHJ6,CARGHMIVVVIWTDPGMDVW,wardemann_03,0
IGKV3-20,IGKJ5,CQQYGIPTF,IGHV4-59,IGHJ2,CARDRHPYGDYGYWYFDLW,wardemann_03,0
IGKV1D-39,IGKJ2,CQQSYSTPHTF,IGHV5-51,IGHJ6,CARHVWSVVPAAQDPYYYYGMDVW,wardemann_03,0
IGKV1-5,IGKJ1,CQQYNSLGTF,IGHV3-9,IGHJ4,CARDVVGATTAFDYW,wardemann_03,0
IGKV3-15,IGKJ2,CQQYNNWPLYTF,IGHV4-39,IGHJ4,CARDQEPLEMAAVGGVDYW,wardemann_03,0
IGKV1-9,IGKJ3,CQQLNSYPPFTF,IGHV3-30,IGHJ4,CARDPGTTGFFDYW,wardemann_03,0
IGKV1D-39,IGKJ2,CQQSYSTPRTF,IGHV4-34,IGHJ4,CARVGGYSGYARGGYW,wardemann_03,0
IGLV2-8,IGLJ1,CSTYAGSNNLF,IGHV1-69,IGHJ6,CARNQRYSYGYGYYYYGMDVW,wardemann_03,0
IGLV1-44,IGLJ2,CAAWDDSVVVF,IGHV5-51,IGHJ4,CARGLLGSGYLDYW,wardemann_03,1
IGLV9-49,IGLJ3,CGADHGSGSNFAWVF,IGHV3-30,IGHJ4,CARHDYGGDYW,wardemann_03,0
IGLV1-44,IGLJ2,CAAWDDSLNVVF,IGHV5-51,IGHJ3,CARYYRYDAFDIW,wardemann_03,0
IGLV3-1,IGLJ1,CQAWDSSTFYVF,IGHV4-39,IGHJ4,CARDIIYHSEPCYFDYW,wardemann_03,0
IGLV3-25,IGLJ1,CQSADSSGTYRVF,IGHV1-69,IGHJ5,CAREPPSHHCGGDCYLAPW,wardemann_03,0
IGLV2-23,IGLJ2,CCSCAGSSTHVVF,IGHV4-59,IGHJ3,CARNQAIFNNWNWGHAFDIW,wardemann_03,1
IGLV2-14,IGLJ2,CSSYTSSSTLSLSLF,IGHV3-48,IGHJ3,CARSLVVSYAFDIW,wardemann_03,0
IGLV3-21,IGLJ2,CQVWDTSSDHPHVVF,IGHV4-39,IGHJ4,CARVFNRMWELSPLYYFDYW,wardemann_03,1
IGLV1-51,IGLJ2,CGTWDSSLSAVVF,IGHV3-21,IGHJ3,CARECDTANDAFDIW,wardemann_03,0
IGLV1-40,IGLJ2,CQSYDSSLSGVVF,IGHV1-69,IGHJ4,CARDLASGEGFDYW,wardemann_03,0
IGLV1-47,IGLJ3,CAAWDDSLSGWVF,IGHV1-46,IGHJ6,CARGEDQGDYYYGMDVW,wardemann_03,0
IGLV1-47,IGLJ2,CAAWDDSLSGVVF,IGHV3-9,IGHJ3,CARHIIQWLVTGDAFDIW,wardemann_03,0
IGLV2-14,IGLJ3,CSSYTSSSSRVF,IGHV1-18,IGHJ3,CARGGRSDYDAFDIW,wardemann_03,0
IGLV2-23,IGLJ3,CCSCAGSSTSWVF,IGHV4-39,IGHJ4,CARAKLAATQLRGYYFDYW,wardemann_03,0
IGLV3-1,IGLJ2,CQAWDSSTAVF,IGHV1-2,IGHJ4,CAREDVDLNYW,wardemann_03,0
IGKV1-5,IGKJ1,CQQYNSFTWTF,IGHV1-2,IGHJ4,CARDRGIAASLERPDYW,wardemann_04,0
IGKV3-15,IGKJ1,CQQYNNWPWTF,IGHV4-39,IGHJ4,CARHVYYYDSSGYYPQYFDYW,wardemann_04,0
IGKV3-20,IGKJ3,CQQYGSSLFTF,IGHV1-18,IGHJ6,CARNLLLWFGELGYNGMDVW,wardemann_04,0
IGKV3-11,IGKJ4,CQQRSNWPLTF,IGHV3-48,IGHJ6,CARLFRGGATPYYYYGMDVW,wardemann_04,0
IGKV1-33,IGKJ2,CQQYDNLPYTF,IGHV1-18,IGHJ3,CAREPLPMVRGVSVAFDIW,wardemann_04,0
IGLV1-40,IGLJ2,CQSYDSSLSVVF,IGHV1-69,IGHJ5,CARVSLVTAEDWDNWFDPW,wardemann_04,0
IGLV1-51,IGLJ2,CGTWDSSLSLVF,IGHV3-43,IGHJ4,CARDGVVVVTATYFDYW,wardemann_04,0
IGLV1-44,IGLJ2,CAAWDDSLNVVF,IGHV5-51,IGHJ3,CARYYRYDAFDIW,wardemann_04,0
IGLV2-14,IGLJ2,CSSYTSSSTLVF,IGHV1-18,IGHJ3,CARESGVRGVIGAFDIW,wardemann_04,0
IGLV3-1,IGLJ2,CQAWDSSTAGVF,IGHV3-23,IGHJ6,CARGIAAAGIDNYYYGMDVW,wardemann_04,0
IGLV7-46,IGLJ2,CWLSYSGARPVF,IGHV3-21,IGHJ4,CARGEPATGFDYW,wardemann_04,0
IGLV1-47,IGLJ1,CAAWDDSLSGPRVF,IGHV3-21,IGHJ6,CARIHQYGSGRGRWLTLRHNYYYGMDVW,wardemann_04,1
IGKV4-1,IGKJ4,CQQYYSTPLTF,IGHV3-23,IGHJ5,CARTSRTTGTTRRPW,wardemann_04,1
IGLV1-44,IGLJ3,CAAWDDSLNGRVF,IGHV3-23,IGHJ5,CARTSRTTGTTRRPW,wardemann_04,1
IGKV1-8,IGKJ1,CQQYYSYPRGAF,IGHV3-23,IGHJ4,CARGARPSPSNYLYYW,wardemann_04,1
IGLV1-44,IGLJ3,CAAWDDSLNGWVF,IGHV4-39,IGHJ5,CARDVYYGSGSYWRGHSKINWFDPW,wardemann_04,1
IGKV3-11,IGKJ2,CQQRSNWPLYTF,IGHV3-30,IGHJ6,CARDILVRWRQQLVRGRYYYGMDVW,wardemann_04,1
IGLV1-47,IGLJ3,CAAWDDSLSGWVF,IGHV3-53,IGHJ1,CARVRFGLRIGGSVEYFQHW,wardemann_04,1
IGKV4-1,IGKJ3,CQQYYSTPF,IGHV3-74,IGHJ5,CARSDNGSGSYNWFDPW,wardemann_04,1
IGKV1-6,IGKJ1,CLQDYNYPRTF,IGHV3-11,IGHJ6,CARSVVTSLFSSYYYYGMDVW,wardemann_04,1
IGKV2-30,IGKJ4,CMQGTHWPF,IGHV4-59,IGHJ3,CAREGGIVGATVRDSGDAFDIW,wardemann_04,1
IGLV3-1,IGLJ2,CQAWDSSTVVF,IGHV1-2,IGHJ4,CARGNPGGRGGFDYW,wardemann_04,1
IGKV3-20,IGKJ4,CQQYGSSPLF,IGHV3-74,IGHJ3,CARGRTVTTVWKAFDIW,wardemann_04,1
IGLV2-23,IGLJ2,CCSCAGSSTHVVF,IGHV4-59,IGHJ3,CARNQAIFNNWNWGHAFDIW,wardemann_04,1
IGKV1-33,IGKJ3,CQQYDNLPLTF,IGHV3-48,IGHJ4,CARLGGIEDIVVVPAAVRTPRGDYW,meffre_2003,0
IGKV4-1,IGKJ2,CQQYYSTYTF,IGHV4-31,IGHJ4,CARGPDTNYYDSFLPPLKVW,meffre_2003,1
IGKV3-15,IGKJ2,CQQYNNWPRGDTF,IGHV4-31,IGHJ4,CARESTVIRGLDYW,meffre_2003,1
IGKV4-1,IGKJ4,CQQYYSTPQLTF,IGHV1-2,IGHJ4,CARMNAATVTTDYW,meffre_2003,1
IGKV3-20,IGKJ1,CQQYGSSLWTF,IGHV4-59,IGHJ3,CARKGRIQLWLGAFDIW,meffre_2003,1
IGKV3-11,IGKJ2,CQQRSNWVPMYTF,IGHV3-23,IGHJ4,CARRSTRIVGAPFDYW,meffre_2003,1
IGKV3-11,IGKJ1,CQQRSNWPPTF,IGHV3-74,IGHJ5,CARDYDFWSGYPRGFDPW,meffre_2003,1
IGKV3-20,IGKJ2,CQQYGSSPYTF,IGHV3-21,IGHJ4,CARDGGAWPSNYDSSGYYSSW,meffre_2003,0
IGKV1-33,IGKJ4,CQQYDNLPLTF,IGHV1-24,IGHJ4,CARHYYDSSGPPAYYFDYW,meffre_2003,0
IGKV3-11,IGKJ2,CQQRSNWPRTF,IGHV3-64,IGHJ4,CARALYDSSGYYHDYW,meffre_2003,1
IGKV3-11,IGKJ3,CQQRSNWPVTF,IGHV3-21,IGHJ4,CARDSRHSSGWRSPHFDYW,meffre_2003,0
IGKV1-17,IGKJ2,CLQHNSYPPTF,IGHV3-33,IGHJ3,CARAGGYYYDSSGYRRGAFDIW,meffre_2003,1
IGKV3-15,IGKJ2,CQQYNNWPPYTF,IGHV1-69,IGHJ6,CARDPRIAARPLYYYYGMDVW,meffre_2003,1
IGKV3-15,IGKJ1,CQQYNNWPPWTF,IGHV3-23,IGHJ3,CARPPPPYSSGWYLDFYAFDIW,meffre_2003,0
IGKV3-20,IGKJ4,CQQYGSSPLTF,IGHV5-51,IGHJ3,CARHDESSYGFMWGAFDIW,meffre_2003,1
IGKV1-9,IGKJ1,CQQLNSYPRTF,IGHV3-21,IGHJ6,CARLYGHHFLYYYGMDVW,meffre_2003,1
IGKV4-1,IGKJ1,CQQYYSTPRTF,IGHV3-15,IGHJ3,CARDTGSSGDAFDIW,meffre_2003,0
IGKV3-20,IGKJ2,CQQYGSSPMCSF,IGHV3-21,IGHJ6,CARDSSSWYTFGVSYYYGMDVW,meffre_2003,1
IGKV3-20,IGKJ1,CQQYGSSLTWTF,IGHV5-51,IGHJ3,CARRLEQLEAFDIW,meffre_2003,0
IGKV1-5,IGKJ1,CQQYNSYWTF,IGHV4-39,IGHJ5,CARHGEFVRRWLQTGVGWFDPW,meffre_2003,1
IGKV3-20,IGKJ1,CQQYGSYPRTF,IGHV4-39,IGHJ5,CARRGSSSWYAWFDPW,meffre_2003,1
IGLV3-25,IGLJ2,CQSADSSGTSVVF,IGHV3-74,IGHJ5,CAREGGEDCSGGSCYNEAENWFDPW,meffre_2003,0
IGLV1-51,IGLJ1,CGTWDSGLSAYVF,IGHV3-7,IGHJ4,CARRCSGGTCHPVESW,meffre_2003,1
IGLV3-21,IGLJ1,CQVWDSSSDHYVF,IGHV3-74,IGHJ6,CARVSSSWHYYYYYGMDVW,meffre_2003,1
IGLV3-25,IGLJ2,CQSADSSGTYVVF,IGHV3-23,IGHJ4,CARSPPRPDYDILTGYLEGFDYW,meffre_2003,0
IGLV3-1,IGLJ2,CQAWDSSIVVF,IGHV3-30,IGHJ6,CARGGIRYFDWSPPSEYYYYYGMDVW,meffre_2003,1
IGLV1-44,IGLJ3,CAAWDDSLNGWVF,IGHV3-30,IGHJ6,CARDIVVVPAAMTRVLEYYYYGMDVW,meffre_2003,1
