v_gene_L,j_gene_L,CDRL3,v_gene_H,j_gene_H,CDRH3,Donor,Cell type,auto_count,Insulin,ssDNA,dsDNA,LPS,ANA
IGKV1D-17,IGKJ1,CLQHNSYPWTF,IGHV4-59,IGHJ6,CARDRRGRLWFGDNYYYYGMDVW,GO/BC,Early immature,5,X,X,X,X,X
IGKV1D-43,IGKJ5,CQQYYSTLLITF,IGHV3-15,IGHJ4,CARGRASLYGSGSYYKDYW,GO/BC,Early immature,5,X,X,X,X,X
IGKV2-30,IGKJ1,CMQGTHWPWTF,IGHV3-30,IGHJ5,CARDLFGSYSSSWYLTSW,GO/BC,Early immature,5,X,X,X,X,X
IGKV3-11,IGKJ2,CQQRSNWPLYTF,IGHV3-30,IGHJ6,CARDILVRWRQQLVRGRYYYGMDVW,GO/BC,Early immature,5,X,X,X,X,X
IGKV1-6,IGKJ1,CLQDYNYPRTF,IGHV3-11,IGHJ6,CARSVVTSLFSSYYYYGMDVW,GO/BC,Early immature,5,X,X,X,X,X
IGKV2-30,IGKJ4,CMQGTHWPF,IGHV4-59,IGHJ3,CAREGGIVGATVRDSGDAFDIW,GO/BC,Early immature,5,X,X,X,X,X
IGKV3-20,IGKJ1,CQQYGSSLTWTF,IGHV3-30,IGHJ6,CARDRSYYYYGMDVW,GO/BC,Early immature,2,X,/,/,/,X
IGKV2-30,IGKJ2,CMQGTHWPPYTF,IGHV1-3,IGHJ6,CARNRGSGVLTKYYYYYYGMDVW,GO/BC,Early immature,1,/,/,/,/,X
IGLV1-51,IGLJ3,CLAWDTSLRAWVF,IGHV3-21,IGHJ4,CARAGNSSGYYVDYW,GO/BC,Early immature,2,/,X,/,/,X
IGLV7-46,IGLJ2,CWLSYSGARPVF,IGHV3-21,IGHJ4,CARGEPATGFDYW,GO/BC,Early immature,0,/,/,/,/,/
IGLV1-47,IGLJ3,CAAWDDSLSGWVF,IGHV3-53,IGHJ1,CARVRFGLRIGGSVEYFQHW,GO/BC,Early immature,5,X,X,X,X,X
IGLV2-23,IGLJ2,CCSYAGSSTVVF,IGHV3-21,IGHJ4,CARGSFKTKREDIVVVPAADIFDYW,GO/BC,Early immature,0,/,/,/,/,/
IGLV2-14,IGLJ2,CSSYTSSSFAVF,IGHV4-59,IGHJ6,CARDRRGRLWFGDNYYYYGMDVW,GO/BC,Early immature,5,X,X,X,X,X
IGKV4-1,IGKJ4,CQQYYSTPLTF,IGHV3-23,IGHJ5,CARTSRTTGTTRRPW,JB,Early immature,5,X,X,X,X,X
IGKV1-8,IGKJ1,CQQYYSYPRGAF,IGHV3-23,IGHJ4,CARGARPSPSNYLYYW,JB,Early immature,4,X,X,X,ND,X
IGKV1-16,IGKJ4,CQQYNSYPLLTF,IGHV4-34,IGHJ4,CARGSGGSYLEASFDYW,JB,Early immature,1,/,/,/,ND,X
IGKV1D-39,IGKJ1,CQQSYSTPRTF,IGHV3-33,IGHJ4,CARYSSRADYW,JB,Early immature,0,/,/,/,ND,/
IGKV3-20,IGKJ1,CQQYGSSRTF,IGHV3-30,IGHJ6,CARDLTLNYDFWSGYSFHYYYGMDVW,JB,Early immature,5,X,X,X,X,X
IGKV2D-28,IGKJ4,CMQARPF,IGHV4-34,IGHJ5,CARGRYCSSTSCYTINWFDPW,JB,Early immature,3,/,X,X,ND,X
IGKV4-1,IGKJ3,CQQYYSTPF,IGHV3-74,IGHJ5,CARSDNGSGSYNWFDPW,JB,Early immature,4,X,X,X,ND,X
IGLV1-47,IGLJ1,CAAWDDSLSGPRVF,IGHV3-21,IGHJ6,CARIHQYGSGRGRWLTLRHNYYYGMDVW,JB,Early immature,5,X,X,X,X,X
IGLV1-44,IGLJ3,CAAWDDSLNGRVF,IGHV3-23,IGHJ5,CARTSRTTGTTRRPW,JB,Early immature,5,X,X,X,X,X
IGLV1-36,IGLJ2,CAAWDDSLNGEAF,IGHV3-23,IGHJ4,CARVVRAAAGTIEPLDYW,JB,Early immature,0,/,/,/,/,/
IGLV3-25,IGLJ3,CQSADSSGTF,IGHV3-48,IGHJ6,CARQMGGVDTAMVPYGMDVW,JB,Early immature,0,/,/,/,/,/
IGLV1-44,IGLJ3,CAAWDDSLNGWVF,IGHV4-39,IGHJ5,CARDVYYGSGSYWRGHSKINWFDPW,JB,Early immature,2,X,X,/,/,/
IGLV1-44,IGLJ3,CAAWDDSLNGPVWVF,IGHV4-34,IGHJ5,CARGRYCSSTSCYTINWFDPW,JB,Early immature,1,/,/,/,/,X
IGLV3-1,IGLJ1,CQAWDSSTAGVF,IGHV1-69,IGHJ4,CARDPIRQWELHYPYYFDYW,JB,Early immature,5,X,X,X,X,X
IGLV1-40,IGLJ1,CQSYDSSLSGYVF,IGHV4-59,IGHJ5,CARDLSSYYGSGSYRANWFDPW,JB,Early immature,0,/,/,/,/,/
IGLV1-44,IGLJ3,CAAWDDSLNGPVWVF,IGHV4-34,IGHJ4,CARGKRVAGYTCFEYW,JB,Early immature,1,/,/,/,/,X
IGKV1-9,IGKJ1,CQQLNSYPPWTF,IGHV3-15,IGHJ3,CARDLMANSSSSLAFDIW,GO,Immature,0,/,/,/,/,/
IGKV1D-39,IGKJ4,CQQSYSTPRTF,IGHV4-39,IGHJ5,CARRSPKYCSSTSCHHNWFDPW,GO,Immature,1,/,/,/,/,X
IGKV1-8,IGKJ1,CQQYYSYPQTF,IGHV3-7,IGHJ6,CARVSCSGGSCPAGYYGMDVW,GO,Immature,0,/,/,/,/,/
IGKV1-5,IGKJ1,CQQYNSYWTF,IGHV3-33,IGHJ4,CARDRYYGSGSYSDLPDYW,GO,Immature,0,/,/,/,/,/
IGKV1-5,IGKJ1,CQQYNSYSRTF,IGHV1-18,IGHJ4,CARDRDYSSGWYYFDYW,GO,Immature,0,/,/,/,/,/
IGKV1-9,IGKJ3,CQQLNSYPF,IGHV3-15,IGHJ4,CARSLGLLPDRIIDYW,GO,Immature,3,X,X,/,/,X
IGKV1-8,IGKJ2,CQQYYSYPPTF,IGHV3-23,IGHJ4,CARDLGSVRGVIEEYW,GO,Immature,0,/,/,/,/,/
IGKV1D-39,IGKJ2,CQQSYSTPYTF,IGHV4-34,IGHJ6,CARTLSSSSRFYYYGSDVW,GO,Immature,1,/,/,/,/,X
IGKV1D-39,IGKJ2,CQQSYSTPPTF,IGHV3-30,IGHJ4,CARGIVARRGGLYYFDYW,GO,Immature,1,/,/,/,/,X
IGKV1D-39,IGKJ1,CQQSYSTPRAF,IGHV3-15,IGHJ4,CAREDYYDSSGLRRGVANLSSDFPYCFDYW,GO,Immature,1,/,/,/,/,X
IGKV1-33,IGKJ4,CQQYDNLLFTF,IGHV3-15,IGHJ6,CARESGLTGYGPPPSLPYYYGSDVW,GO,Immature,0,/,/,/,/,/
IGKV3-15,IGKJ3,CQQYNNWFTF,IGHV3-23,IGHJ4,CARDRAAAAAGGPFDYW,GO,Immature,0,/,/,/,/,/
IGKV3-11,IGKJ4,CQQRSNWGLTF,IGHV4-39,IGHJ4,CARHRSIAAAATDYW,GO,Immature,1,/,/,/,/,X
IGKV3-15,IGKJ1,CQQYNNWPRTF,IGHV4-34,IGHJ5,CARISENCSGGSCYANWFDPW,GO,Immature,1,/,/,/,/,X
IGKV1D-8,IGKJ1,CQQYYSPLWTF,IGHV3-11,IGHJ4,CARATEAAVAGPNLPDYW,GO,Immature,2,/,X,/,/,X
IGKV3-20,IGKJ1,CQQYGSSLWTF,IGHV1-2,IGHJ5,CARYLVYGDYVHSW,GO,Immature,1,/,/,/,/,X
IGKV3-15,IGKJ2,CQQYNNWPQYTF,IGHV4-31,IGHJ4,CAREGYGVFDYW,GO,Immature,0,/,/,/,/,/
IGKV1D-39,IGKJ1,CQQSYSTLWTF,IGHV3-21,IGHJ6,CARWLPAREGATATLSYGMDVW,GO,Immature,0,/,/,/,/,/
IGKV1-9,IGKJ5,CQQLNSYPPITF,IGHV3-33,IGHJ6,CARDLTGHIVVVTAHYYGMDVW,GO,Immature,0,/,/,/,/,/
IGKV1-5,IGKJ1,CQQYNSYSRTF,IGHV3-15,IGHJ6,CARDLRHSYGLQNSYYYYGMDVW,GO,Immature,0,/,/,/,/,/
IGKV1-5,IGKJ2,CQQYNSYSPLTF,IGHV4-39,IGHJ4,CARQERVVVPAATFDYW,GO,Immature,1,/,/,/,/,X
IGKV4-1,IGKJ4,CQQYYSTPVTF,IGHV1-69,IGHJ5,CARGPYIAVAGTPNWFDPW,GO,Immature,1,/,/,/,/,X
IGLV1-44,IGLJ2,CAAWDDSLNGVVF,IGHV1-46,IGHJ6,CARDPDTAMVNYYYYGMDVW,GO,Immature,1,/,/,/,/,X
IGLV4-69,IGLJ3,CQTWGTGIRVF,IGHV3-11,IGHJ4,CARENPGFDYW,GO,Immature,0,/,/,/,/,/
IGLV2-11,IGLJ3,CCSYTSSASWVF,IGHV1-18,IGHJ4,CARDCSSTSCYAEVDYW,GO,Immature,0,/,/,/,/,/
IGLV7-43,IGLJ2,CLLYYGGARDF,IGHV4-61,IGHJ6,CARDLILTDRSPYYYYGMDVW,GO,Immature,5,X,X,X,X,X
IGLV2-14,IGLJ1,CSSYTSSSTLVYVF,IGHV5-51,IGHJ5,CARHGIAGLWGRIAVAGTCNSGNNWFDPW,GO,Immature,0,,,,,
IGLV1-44,IGLJ2,CAAWDDSLNGVVF,IGHV3-15,IGHJ4,CARVPSGGSCYAESGDYW,GO,Immature,0,/,/,/,/,/
IGLV2-14,IGLJ2,CSSYTSSSTLGVF,IGHV3-11,IGHJ4,CARATEAAVAGPNLPDYW,GO,Immature,0,/,/,/,/,/
IGLV2-14,IGLJ2,CSSYTSSSTVVF,IGHV5-51,IGHJ4,CARHDGRYYDSSGYYPGDYW,GO,Immature,0,,,,,
IGLV1-51,IGLJ3,CGTWDSSLSAWVF,IGHV1-69,IGHJ2,CARGERGELPTGGLGQQLVKWNWYEDLW,GO,Immature,1,/,/,/,/,X
IGLV2-14,IGLJ2,CSSYTSSSTLVF,IGHV1-18,IGHJ3,CARESGVRGVIGAFDIW,GO,Immature,0,/,/,/,/,/
IGLV3-1,IGLJ2,CQAWDSSTAGVF,IGHV3-23,IGHJ6,CARGIAAAGIDNYYYGMDVW,GO,Immature,0,/,/,/,/,/
IGKV3-20,IGKJ4,CQQYGSSPLTF,IGHV4-59,IGHJ6,CARHGLLGPVALVGYYGMDVW,JB,Immature,0,/,/,/,/,/
IGKV1-5,IGKJ2,CQQYNSYTF,IGHV3-21,IGHJ3,CARDGLYGDYAGDAFDIW,JB,Immature,1,/,/,/,ND,X
IGKV1-5,IGKJ1,CQQYNSFTWTF,IGHV1-2,IGHJ4,CARDRGIAASLERPDYW,JB,Immature,1,/,/,/,ND,X
IGKV1D-39,IGKJ4,CQQSYSTLLTF,IGHV4-34,IGHJ3,CARDFSLTGQLWLKKGYAFDIW,JB,Immature,1,/,/,/,ND,X
IGKV3-20,IGKJ2,CQQYGSSPYTF,IGHV4-34,IGHJ5,CARGPRWLDPW,JB,Immature,0,/,/,/,ND,/
IGKV1D-39,IGKJ1,CQQSYSTPPTF,IGHV4-34,IGHJ4,CARGGVRGVISQSDYW,JB,Immature,0,/,/,/,ND,/
IGKV1D-39,IGKJ2,CQQSYSTPYTF,IGHV1-2,IGHJ6,CARANHDSGSRTHYYYYGMDVW,JB,Immature,3,X,/,/,X,X
IGKV3-20,IGKJ4,CQQYGSSRSLTF,IGHV3-15,IGHJ4,CARGLQLQKPLQLDYW,JB,Immature,0,/,/,/,ND,/
IGKV2-24,IGKJ1,CMQATQFPWTF,IGHV1-24,IGHJ4,CARGPPYDSSGYYTLSIDYW,JB,Immature,0,/,/,/,/,/
IGKV3-20,IGKJ2,CQQYGSSFMYTF,IGHV3-30,IGHJ5,CARPYYYDSSGYLDPW,JB,Immature,0,/,/,/,/,/
IGKV1D-8,IGKJ1,CQQYYSFPWTF,IGHV4-4,IGHJ3,CARVGYSYGSDAFDSW,JB,Immature,1,/,/,/,ND,X
IGKV3-15,IGKJ1,CQQYNNWPPWTF,IGHV3-21,IGHJ4,CARGTMVRGVHFDYW,JB,Immature,1,/,/,/,ND,X
IGKV3-20,IGKJ5,CQQYGSSPITF,IGHV4-39,IGHJ4,CARGGGIAAADPWAFDYW,JB,Immature,0,/,/,/,ND,/
IGKV1-27,IGKJ4,CQKYNSAPALTF,IGHV4-59,IGHJ4,CARSTPLSSGWSLEGFFNYFDYW,JB,Immature,1,/,/,/,/,X
IGKV1-8,IGKJ2,CQQYYSYPPGYSF,IGHV3-9,IGHJ3,CARDIKWQQPGAGHDAFDIW,JB,Immature,0,/,/,/,/,/
IGKV3-15,IGKJ3,CQQYNNWPRLTF,IGHV3-7,IGHJ6,CARLWFGSYYYYGMDVW,JB,Immature,5,X,X,X,X,X
IGKV2D-28,IGKJ2,CMQALQTLYTF,IGHV3-33,IGHJ6,CARVGSSPHTTQIYYYYGMDVW,JB,Immature,1,/,/,/,ND,X
IGKV1D-39,IGKJ2,CQQSYSTPYTF,IGHV1-69,IGHJ3,CARREVEMATIAVGATVNDAFDW,JB,Immature,1,/,/,/,/,X
IGKV1-5,IGKJ1,CQQYSGLYRSF,IGHV3-30,IGHJ4,CARAPTRITMIVVVISPPRYYFDYW,JB,Immature,5,X,X,X,X,X
IGKV3-20,IGKJ4,CQQYGSSLTF,IGHV3-15,IGHJ5,CARVLDYDYVWGSYLGAPW,JB,Immature,0,/,/,/,ND,/
IGKV1-5,IGKJ1,CQQYNSYPWTF,IGHV3-21,IGHJ6,CARGVVGAPYYYYGMDVW,JB,Immature,5,X,X,X,X,X
IGKV1-8,IGKJ4,CQQYYSYPPLTF,IGHV1-2,IGHJ4,CARWDDSSGYYYYW,JB,Immature,0,/,/,/,ND,/
IGKV3-15,IGKJ3,CQQYNNWPITF,IGHV3-74,IGHJ4,CARESGSYGYW,JB,Immature,0,/,/,/,/,/
IGKV4-1,IGKJ2,CQQYYSTPQTF,IGHV4-4,IGHJ4,CARDLGVGRFLEGNWNPFDYW,JB,Immature,0,/,/,/,ND,/
IGLV1-47,IGLJ3,CAAWDDSLSGWVF,IGHV4-34,IGHJ3,CARRYFDFSFDIW,JB,Immature,1,/,/,/,/,X
IGLV1-40,IGLJ3,CQSYDSSLSGWEF,IGHV5-51,IGHJ3,CARPLYSSSWPGAFDIW,JB,Immature,0,/,/,/,/,/
IGLV2-11,IGLJ2,CCSYAGSKEF,IGHV4-61,IGHJ4,CARDARAIIDYW,JB,Immature,0,/,/,/,/,/
IGLV7-46,IGLJ2,CLLSYSGARVF,IGHV1-2,IGHJ6,CARANHDSGSRTHYYYYGMDVW,JB,Immature,1,/,/,/,/,X
IGLV2-23,IGLJ3,CCSCAGSSTWVF,IGHV3-30,IGHJ4,CAREVTTDHFDYW,JB,Immature,0,/,/,/,/,/
IGLV2-23,IGLJ1,CSSCAGSSTYVF,IGHV3-15,IGHJ6,CARDSPLYYAAAGKGQYYYYGMDVW,JB,Immature,1,/,/,/,/,X
IGLV1-44,IGLJ3,CAAWDDSLNGREVF,IGHV4-39,IGHJ5,CARKRERGESGWFDPW,JB,Immature,0,/,/,/,/,/
IGLV2-14,IGLJ1,CSSYTSSSTLVF,IGHV5-51,IGHJ3,CARRKIGTYSGSFGYAFDIW,JB,Immature,0,/,/,/,/,/
IGLV1-40,IGLJ2,CQSYDSSLWRGVF,IGHV3-33,IGHJ4,CARDSDSSSWYRGVTFDYW,JB,Immature,0,/,/,/,/,/
IGLV1-51,IGLJ1,CGTWDSSLSAFYVF,IGHV3-30,IGHJ4,CARDATLLGSSWLNYFDYW,JB,Immature,0,/,/,/,/,/
IGLV1-51,IGLJ2,CGTWDSSLSAGVVF,IGHV4-34,IGHJ4,CARASGNSSQIDYW,JB,Immature,0,/,/,/,/,/
IGLV2-14,IGLJ1,CSSYTTSSTYVF,IGHV3-30,IGHJ5,CARDRRGIAAPGPHNWFDPW,JB,Immature,0,/,/,/,/,/
IGLV3-21,IGLJ2,CQVWDSSSDVVF,IGHV4-31,IGHJ4,CARGRARATIDYFDFW,JB,Immature,0,/,/,/,/,/
IGLV1-44,IGLJ3,CAAWDDSLNGWVF,IGHV3-15,IGHJ5,CARVLDYDYVWGSYLGAPW,JB,Immature,0,/,/,/,/,/
IGKV1D-39,IGKJ1,CQQSYSTPWTF,IGHV3-53,IGHJ6,CARGKDIVVVPAQGGYYYYGMDVW,GO,New emigrant,1,/,/,/,/,X
IGKV3-15,IGKJ1,CQQYNNWLWTF,IGHV3-21,IGHJ4,CARDLEYYDILTGYDDYW,GO,New emigrant,1,/,/,/,/,X
IGKV2D-28,IGKJ3,CMQALQTPLTF,IGHV5-51,IGHJ6,CARHYCSGGSCYSGTFGMDVW,GO,New emigrant,0,/,/,/,/,/
IGKV1-5,IGKJ2,CQQYNSYLVTF,IGHV3-13,IGHJ5,CARRGDNWFDPW,GO,New emigrant,1,/,/,/,/,X
IGKV1-27,IGKJ3,CQKYNSAPPFTF,IGHV3-30,IGHJ6,CARDGGYYDSSGYYGAYYGMDVW,GO,New emigrant,0,/,/,/,/,/
IGKV1-27,IGKJ1,CQKYNSAPRTF,IGHV4-34,IGHJ4,CAREPEGDPW,GO,New emigrant,1,/,/,/,/,X
IGKV1-9,IGKJ5,CQQLNSYPFTF,IGHV3-30,IGHJ6,CARDLAYCGGDCNLAGRYGMDVW,GO,New emigrant,1,/,/,/,/,X
IGKV1-5,IGKJ4,CQQYNSYLLTF,IGHV3-15,IGHJ3,CARDSLGAAPRPHDSSGYHSNDAFDIW,GO,New emigrant,1,/,/,/,/,X
IGKV3-20,IGKJ1,CQQYGSSPWTF,IGHV4-59,IGHJ6,CARGEQWLVYGMDVW,GO,New emigrant,1,/,/,/,/,X
IGKV2D-28,IGKJ4,CMQALQTLTF,IGHV3-21,IGHJ6,CAREPYYDFPGAGMDVW,GO,New emigrant,1,/,/,/,/,X
IGKV3-15,IGKJ5,CQQYNNWPATF,IGHV4-39,IGHJ4,CARHNFQAYSYGPLRNW,GO,New emigrant,2,/,X,/,/,X
IGKV1D-39,IGKJ2,CQQSYSTSYTF,IGHV3-15,IGHJ6,CARDDWKVVVAATPDYYYGMDVW,GO,New emigrant,0,/,/,/,/,/
IGKV3-20,IGKJ4,CQQYGSSPLF,IGHV3-74,IGHJ3,CARGRTVTTVWKAFDIW,GO,New emigrant,5,X,X,X,X,X
IGKV2D-28,IGKJ2,CMQALQNSGYTF,IGHV3-30,IGHJ6,CARLFWSGYYHYYGMDVW,GO,New emigrant,0,/,/,/,/,/
IGKV1-6,IGKJ1,CLQDYNYLPTF,IGHV3-30,IGHJ4,CARLPQTLPEITMVRGVCDYW,GO,New emigrant,3,/,X,X,/,X
IGKV3-20,IGKJ2,CQQYGSSPYTF,IGHV3-23,IGHJ3,CARDLRVSYCGGDCYADAFDIW,GO,New emigrant,0,/,/,/,/,/
IGKV3-11,IGKJ2,CQQRSNWPHTF,IGHV3-30,IGHJ6,CARDSRGMDVW,GO,New emigrant,0,/,/,/,/,/
IGLV1-40,IGLJ1,CSYDSSLSGSGVF,IGHV5-51,IGHJ6,CARWGTLEMATPFYYGMDVW,GO,New emigrant,0,/,/,/,/,/
IGLV1-51,IGLJ3,CGTWDSSLYAGVF,IGHV3-7,IGHJ5,CARDQGIAEFDPW,GO,New emigrant,0,/,/,/,/,/
IGLV2-14,IGLJ1,CSSYTSSSLYVF,IGHV3-9,IGHJ6,CARDLGRPGGSHYALDYYYGMDVW,GO,New emigrant,0,/,/,/,/,/
IGLV1-44,IGLJ1,CAAWDDSLNGFYVF,IGHV4-59,IGHJ6,CARVVPAAISYYYGMDVW,GO,New emigrant,0,/,/,/,/,/
IGLV1-51,IGLJ3,CGTWDSSLSVSWVF,IGHV4-39,IGHJ6,CARFFGYYYGMDVW,GO,New emigrant,1,/,/,/,/,X
IGLV2-14,IGLJ1,CSSYTSSSTLDVF,IGHV4-31,IGHJ4,CARGGRVRGVIISPDFDYW,GO,New emigrant,0,/,/,/,/,/
IGLV1-40,IGLJ3,CQSYDSSLSGWVF,IGHV3-49,IGHJ3,CARDPSGWFQEPIW,GO,New emigrant,0,/,/,/,/,/
IGLV2-14,IGLJ2,CSSYTSSSPVVF,IGHV4-39,IGHJ4,CARQLDLYYFDYW,GO,New emigrant,0,/,/,/,/,/
IGLV1-44,IGLJ1,CAAWDDSLNEGVF,IGHV5-51,IGHJ5,CARRSEPGEDYGDYNWFDPW,GO,New emigrant,0,/,/,/,/,/
IGKV1D-39,IGKJ1,CQQSYSTPPTF,IGHV3-13,IGHJ6,CARLNGLVRGVNYGMDVW,JB,New emigrant,0,/,/,/,/,/
IGKV3-11,IGKJ1,CQQRSNWPGTF,IGHV3-7,IGHJ4,CARGLREIAAAGTGNHYYFDYW,JB,New emigrant,1,/,/,/,/,X
IGKV3-11,IGKJ4,CQQRSNWPLTF,IGHV3-48,IGHJ4,CARVVYVAAAGTDW,JB,New emigrant,1,/,/,/,/,X
IGKV3-20,IGKJ1,CQQYGSSPRWTF,IGHV3-48,IGHJ4,CARLGHIVVEEPAGAADYW,JB,New emigrant,1,/,/,/,/,X
IGKV1-33,IGKJ4,CQQYDNLPLTF,IGHV1-46,IGHJ6,CARPLNCSSTSCYSSGMDVW,JB,New emigrant,0,/,/,/,/,/
IGKV1D-39,IGKJ4,CQQSYSTPLTF,IGHV1-3,IGHJ6,CAREPGCSSTSCHTMAHGHYYYGMDVW,JB,New emigrant,0,/,/,/,/,/
IGKV3-20,IGKJ3,CQQYGSSPLF,IGHV1-18,IGHJ4,CARGMTTVTTFEELVTDYW,JB,New emigrant,1,/,/,/,/,X
IGKV1-5,IGKJ1,CQQYNSYPWTF,IGHV4-59,IGHJ4,CARGGSSGWYDYW,JB,New emigrant,1,/,/,/,/,X
IGKV3-11,IGKJ1,CQQRSNWLWTF,IGHV4-39,IGHJ4,CARDCSGGSCYSALNDYW,JB,New emigrant,1,/,/,/,/,X
IGKV1-5,IGKJ4,CQQYNSYPLTF,IGHV3-23,IGHJ4,CARDASPGTTSYW,JB,New emigrant,0,,,,,
IGKV3-15,IGKJ2,CQQWNNWPPSF,IGHV1-69,IGHJ4,CARGAYYYDSSGYYKSESNRLHDYW,JB,New emigrant,0,/,/,/,/,/
IGKV1-9,IGKJ2,CQQLNSYPYTF,IGHV3-33,IGHJ1,CARDSPQQRPSGLKHW,JB,New emigrant,0,/,/,/,/,/
IGKV1-8,IGKJ3,CQQYYSYPPFTF,IGHV1-46,IGHJ5,CAREGVTRDYGDYGDMKAVGWFDPW,JB,New emigrant,0,/,/,/,/,/
IGKV1D-39,IGKJ1,CQQSYSTPRTF,IGHV3-7,IGHJ6,CARDQVPAAIVSYYYYGMDVW,JB,New emigrant,0,/,/,/,/,/
IGKV1-5,IGKJ2,CQQYNSYSPYSF,IGHV5-51,IGHJ4,CARFSYCSSTSCLKSDYW,JB,New emigrant,0,,,,,
IGKV3-15,IGKJ1,CQQYNNWPRTF,IGHV3-33,IGHJ3,CARIPIVGATEAFDIW,JB,New emigrant,1,/,/,/,/,X
IGKV1D-16,IGKJ5,CQQYNSYPITF,IGHV3-53,IGHJ4,CARGRYTAMVFDYW,JB,New emigrant,3,/,X,X,/,X
IGKV3-20,IGKJ2,CQQYGSSPNTF,IGHV1-18,IGHJ4,CARLPPVMAIDYW,JB,New emigrant,0,/,/,/,/,/
IGKV3-20,IGKJ4,CQQYGSSPLTF,IGHV1-2,IGHJ3,CARGLYYYDSSGYHFDAFDIW,JB,New emigrant,0,/,/,/,/,/
IGKV1D-13,IGKJ4,CQQFNSYPHTF,IGHV3-7,IGHJ4,CARRGTYYYDSSGYWGYW,JB,New emigrant,0,/,/,/,/,/
IGLV3-10,IGLJ3,CYSTDSSGNHRVF,IGHV1-18,IGHJ4,CARAYYDSSGYRDYW,JB,New emigrant,1,/,/,/,/,X
IGLV3-1,IGLJ2,CQAWDSSTVVF,IGHV1-2,IGHJ4,CARGNPGGRGGFDYW,JB,New emigrant,5,X,X,X,X,X
IGLV3-1,IGLJ2,CQAWDSSTVVF,IGHV3-30,IGHJ4,CARDMTSNLDYW,JB,New emigrant,0,/,/,/,/,/
IGLV2-23,IGLJ3,CCSYAGSSTWVF,IGHV1-46,IGHJ6,CARPLNCSSTSCYSSGMDVW,JB,New emigrant,0,/,/,/,/,/
IGLV1-51,IGLJ2,CGTWDSSLSVVVF,IGHV3-30,IGHJ6,CARGRTVTTVIYYGMDVW,JB,New emigrant,0,/,/,/,/,/
IGLV1-40,IGLJ2,CQSYDSSLSGVVF,IGHV3-7,IGHJ5,CARHYDSRTNWFDPW,JB,New emigrant,0,/,/,/,/,/
IGLV3-25,IGLJ2,CQSADSSGTSVVF,IGHV3-23,IGHJ4,CARDASPGTTSYW,JB,New emigrant,0,/,/,/,/,/
IGLV2-11,IGLJ3,CCSYAGSYTWVF,IGHV4-59,IGHJ5,CARDHLGAGSNWFDPW,JB,New emigrant,0,/,/,/,/,/
IGLV2-14,IGLJ1,CSSYTSPYVF,IGHV4-34,IGHJ4,CARGIPDAVVVTAISTYDYW,JB,New emigrant,0,/,/,/,/,/
IGLV1-51,IGLJ2,CGTWDSSLSAVVF,IGHV3-48,IGHJ5,CAREAGYSSSPSWFDPW,JB,New emigrant,0,/,/,/,/,/
IGKV3-15,IGKJ1,CQQYNNWPWTF,IGHV4-39,IGHJ4,CARHVYYYDSSGYYPQYFDYW,GO,Mature,0,/,/,/,/,/
IGKV2D-28,IGKJ1,CMQALQTPRTF,IGHV3-7,IGHJ6,CARDKGGIYYYYYGMDVW,GO,Mature,0,/,/,/,/,/
IGKV3-20,IGKJ1,CQQYGSSLPWTF,IGHV4-59,IGHJ6,CARAGYDKATYYYYGSDVW,GO,Mature,0,/,/,/,/,/
IGKV1-5,IGKJ1,CQQYNSYSRTF,IGHV3-43,IGHJ3,CARDRLGFGPGLGNAFDIW,GO,Mature,0,/,/,/,/,/
IGKV1-5,IGKJ2,CQQYNSFQYTF,IGHV3-53,IGHJ4,CAREADYGGNSGLFNYW,GO,Mature,0,/,/,/,/,/
IGKV1-5,IGKJ4,CQQYNSYPLTF,IGHV3-15,IGHJ1,CARELHW,GO,Mature,0,/,/,/,/,/
IGKV1D-39,IGKJ5,CQQSYSTPITF,IGHV1-24,IGHJ6,CARVSRGGSYPYGSDVW,GO,Mature,0,/,/,/,/,/
IGKV3-11,IGKJ5,CQQRSNWPPITF,IGHV3-48,IGHJ5,CARVPIAAAPNWFDPW,GO,Mature,0,/,/,/,/,/
IGKV3-15,IGKJ4,CQQYNNWLTF,IGHV4-39,IGHJ3,CARGGYYDILTGYYTEPRDDASKGTFDIW,GO,Mature,0,/,/,/,/,/
IGKV3-20,IGKJ2,CQQYGSSPPCTF,IGHV4-34,IGHJ6,CARGTYSSGWPDYYYYGMDVW,GO,Mature,1,/,/,/,/,X
IGKV3-20,IGKJ3,CQQYGSSPPITF,IGHV4-34,IGHJ6,CARGRISWAFNRHGMDVW,GO,Mature,1,/,/,/,/,X
IGKV3-15,IGKJ1,CQQYNNWPRGTF,IGHV4-39,IGHJ4,CARFGYCSGGSCLPFDYW,GO,Mature,0,/,/,/,/,/
IGKV3-20,IGKJ2,CQQYGSSSYTF,IGHV3-15,IGHJ6,CARDPPPRIVVVPAPGDYYYYYGMDVW,GO,Mature,0,/,/,/,/,/
IGKV1D-39,IGKJ4,CQQSYSTPLTF,IGHV1-3,IGHJ4,CARDFSLGYSYGLQNPTNFDYW,GO,Mature,1,/,/,/,/,X
IGKV1D-39,IGKJ2,CQQSYSTPHTF,IGHV3-30,IGHJ4,CARDLSYYYDSSGLDYW,GO,Mature,0,/,/,/,/,/
IGKV1D-39,IGKJ1,CQQSYSTQWTF,IGHV3-48,IGHJ4,CARSPGYYYDSRGIFDYW,GO,Mature,0,/,/,/,/,/
IGKV1-9,IGKJ2,CQQLNSYPHTF,IGHV3-48,IGHJ6,CARDNSGSYFPANYYYYYGMDVW,GO,Mature,0,/,/,/,/,/
IGKV2-30,IGKJ4,CMQGTHWSLTF,IGHV1-69,IGHJ6,CARAGDTAAPPTSTYYYYGMDVW,GO,Mature,2,/,X,/,/,X
IGKV1-33,IGKJ2,CQQYDNLPYTF,IGHV1-18,IGHJ3,CAREPLPMVRGVSVAFDIW,GO,Mature,0,/,/,/,/,/
IGKV1-9,IGKJ4,CQQLNSYPLTF,IGHV3-30,IGHJ3,CARTTVVTVVDAFDIW,GO,Mature,0,/,/,/,/,/
IGKV3-11,IGKJ2,CQQRSNWPPYTF,IGHV3-21,IGHJ6,CARDPYGMDVW,GO,Mature,0,/,/,/,/,/
IGKV3-20,IGKJ5,CQQYGSSPRITF,IGHV4-34,IGHJ4,CARGPHDYGAFPNDYW,GO,Mature,0,/,/,/,/,/
IGKV2D-28,IGKJ1,CMQALQTPRTF,IGHV3-23,IGHJ6,CAREARSGATGSLYYYYGMDVW,GO,Mature,0,/,/,/,/,/
IGKV3-20,IGKJ1,CQQYGSSPTF,IGHV3-49,IGHJ4,CARHYYDSPFDYW,GO,Mature,0,/,/,/,/,/
IGKV1D-39,IGKJ1,CQQSYSTPWTF,IGHV1-46,IGHJ4,CARVGGSGSYYNRYFDYW,GO,Mature,0,/,/,/,/,/
IGKV1D-39,IGKJ1,CQQSYSTPQTF,IGHV4-59,IGHJ3,CARNSYYYDSSGYFDAFDIW,GO,Mature,0,/,/,/,/,/
IGKV1-33,IGKJ4,CQQYDNLLVF,IGHV3-15,IGHJ4,CARGKRDYGGNSFDYW,GO,Mature,0,/,/,/,/,/
IGKV1D-39,IGKJ1,CQQSYSTSWTF,IGHV3-48,IGHJ4,CARESGVAVAGTFADYW,GO,Mature,0,/,/,/,/,/
IGKV1D-39,IGKJ2,CQQSYSTPYTF,IGHV1-69,IGHJ6,CARNLAASGGYYGMDVW,GO,Mature,0,/,/,/,/,/
IGKV3-15,IGKJ1,CQQYNNWPPTF,IGHV4-39,IGHJ4,CARWVGETDYW,GO,Mature,0,/,/,/,/,/
IGKV1-9,IGKJ4,CQQLNSYPLTF,IGHV1-46,IGHJ4,CARGGMTTVTTGFDYW,GO,Mature,1,/,/,/,/,X
IGKV3-15,IGKJ2,CQQYNNWPMYTF,IGHV3-23,IGHJ4,CARKDTSPVGTRGADYW,GO,Mature,5,X,X,X,X,X
IGKV1D-39,IGKJ2,CQQSYSTLYTF,IGHV3-15,IGHJ3,CARVELRLGELSLLAIW,GO,Mature,1,/,/,/,/,X
IGKV3-15,IGKJ4,CQQYNNWPLTF,IGHV3-48,IGHJ4,CARVDSSGWYGYW,GO,Mature,1,/,/,/,/,X
IGLV1-44,IGLJ3,CAAWDDSLNGRVF,IGHV4-28,IGHJ4,CARDRYGFYGDYDGGDYW,GO,Mature,0,/,/,/,/,/
IGLV2-14,IGLJ1,CSSYTSSSTGVF,IGHV4-34,IGHJ4,CARGRPAITMVRGVMNRDDYW,GO,Mature,4,X,X,X,X,/
IGLV3-21,IGLJ2,CQVWDSSSDHGVF,IGHV3-74,IGHJ6,CARDRYFDWLLAGMDVW,GO,Mature,0,/,/,/,/,/
IGLV3-21,IGLJ1,CSSYTSSSTHVF,IGHV5-51,IGHJ2,CARGYYDVWYFDLW,GO,Mature,0,/,/,/,/,/
IGLV3-1,IGLJ2,CQAWDSSTGVVF,IGHV3-23,IGHJ4,CARDRSHSITMIVVAPWEDW,GO,Mature,0,/,/,/,/,/
IGLV3-21,IGLJ3,CQVWDSSSDRVF,IGHV4-39,IGHJ3,CARGGYYDILTGYYTEPRDDASKGTFDIW,GO,Mature,0,/,/,/,/,/
IGLV1-44,IGLJ2,CAAWDDSLNGVVF,IGHV3-15,IGHJ4,CARDLLRWELLDYW,GO,Mature,1,/,/,/,/,X
IGLV2-14,IGLJ1,CSSYTSSSTLYVF,IGHV4-39,IGHJ2,CARSASQQLVWGWWYFDLW,GO,Mature,0,/,/,/,/,/
IGLV2-14,IGLJ2,CSSYTSSSTVVF,IGHV3-48,IGHJ6,CARRGIVVVGEGYYYYYGRDVW,GO,Mature,0,/,/,/,/,/
IGLV2-14,IGLJ1,CSSYTSSSTHNYVF,IGHV1-69,IGHJ6,CARDLRIQLWSTKLPDYYYYYGMDVW,GO,Mature,1,/,/,/,/,X
IGLV1-40,IGLJ2,CQSFDSSPSGYVVF,IGHV4-39,IGHJ1,CARHSAAAPPPNWYFNLW,GO,Mature,0,/,/,/,/,/
IGLV1-36,IGLJ3,CATRDDSLNGWVF,IGHV4-28,IGHJ4,CARCGVVVKVAYFDLW,GO,Mature,2,X,/,/,/,X
IGLV1-40,IGLJ2,CQSYDSSLTEGVVF,IGHV1-2,IGHJ6,CARELWFGEVRNGMDVW,GO,Mature,0,/,/,/,/,/
IGLV1-40,IGLJ3,CQSYDSSLSAWVF,IGHV5-51,IGHJ5,CARLQRPNHCSGGSCYWFDPW,GO,Mature,0,/,/,/,/,/
IGLV1-44,IGLJ1,CSSYTSSSTPYVF,IGHV3-9,IGHJ4,CARDIGRGSYWGMDYW,GO,Mature,0,/,/,/,/,/
IGLV1-36,IGLJ2,CSSYTSSSTPYVF,IGHV5-51,IGHJ6,CARHVGFGEFSQTDYYYYGMDVW,GO,Mature,0,/,/,/,/,/
IGLV2-23,IGLJ3,CSSYTSSSTPYVF,IGHV4-34,IGHJ4,CARNPPGHVVVTASPNFDYW,GO,Mature,1,/,/,/,/,X
IGLV3-21,IGLJ2,CSSYTSSSTPYVF,IGHV3-30,IGHJ6,CARDKSPNSGSYLLTYGMDVW,GO,Mature,0,/,/,/,/,/
IGLV1-40,IGLJ2,CSSYTSSSTPYVF,IGHV1-69,IGHJ5,CARVSLVTAEDWDNWFDPW,GO,Mature,1,/,/,/,/,X
IGLV1-51,IGLJ2,CSSYTSSSTPYVF,IGHV3-43,IGHJ4,CARDGVVVVTATYFDYW,GO,Mature,0,/,/,/,/,/
IGLV1-47,IGLJ1,CSSYTSSSTPYVF,IGHV3-11,IGHJ4,CARDEGWFGELSCDYW,GO,Mature,0,/,/,/,/,/
IGLV2-8,IGLJ3,CSSYTSSSTPYVF,IGHV4-34,IGHJ6,CAREDAYCSSTSCYGGYYYGMDVW,GO,Mature,0,/,/,/,/,/
IGLV2-14,IGLJ2,CSSYTSSSTPYVF,IGHV1-8,IGHJ3,CARSYYDSSGYYSPTFFDIW,GO,Mature,0,/,/,/,/,/
IGKV4-1,IGKJ1,CQQYYSTPPTF,IGHV1-2,IGHJ4,CARDNWNDAYYFDYW,JB,Mature,1,/,/,/,/,X
IGKV3-20,IGKJ2,CQQYGSSPDTF,IGHV4-34,IGHJ4,CARGLLGDEWSSPLPFDYW,JB,Mature,0,/,/,/,/,/
IGKV3-20,IGKJ3,CQQYGSSLFTF,IGHV1-18,IGHJ6,CARNLLLWFGELGYNGMDVW,JB,Mature,0,/,/,/,/,/
IGKV1D-39,IGKJ1,CQQSYSTPPTF,IGHV3-30,IGHJ4,CAREHNWAGEIFDYW,JB,Mature,0,/,/,/,/,/
IGKV3-15,IGKJ4,CQQYNNWPSLTF,IGHV4-39,IGHJ4,CARVFNRMWELSPLYYFDYW,JB,Mature,0,/,/,/,/,/
IGKV3-20,IGKJ3,CQQYASSGFF,IGHV4-39,IGHJ4,CARNYYDRPFDYW,JB,Mature,0,/,/,/,/,/
IGKV2-30,IGKJ2,CMQGTHWPYSF,IGHV1-24,IGHJ5,CARGLGTYYDFWSGYPW,JB,Mature,0,/,/,/,/,/
IGKV3-20,IGKJ1,CQQYGSSHRTF,IGHV1-2,IGHJ5,CARATSDWPRRKGEFDPW,JB,Mature,1,/,/,/,/,X
IGKV1-16,IGKJ2,CQQYNSYPYTF,IGHV3-9,IGHJ5,CARDGIAARPVVPWFDPW,JB,Mature,0,/,/,/,/,/
IGKV3-20,IGKJ4,CQQYGSQVTF,IGHV4-59,IGHJ4,CARLEQWLATFDYW,JB,Mature,0,/,/,/,/,/
IGKV2-28,IGKJ1,CMQALQTPRTF,IGHV4-31,IGHJ4,CARDFDYW,JB,Mature,0,/,/,/,/,/
IGKV3-20,IGKJ2,CQQYGSSHSF,IGHV4-39,IGHJ4,CARGEEWGIQLWLRLGYDYW,JB,Mature,0,/,/,/,/,/
IGKV3-11,IGKJ4,CQQRSNWPLTF,IGHV3-48,IGHJ6,CARLFRGGATPYYYYGMDVW,JB,Mature,0,/,/,/,/,/
IGKV3-20,IGKJ2,CQQYGSSPPYSF,IGHV3-48,IGHJ6,CARGHMIVVVIWTDPGMDVW,JB,Mature,0,/,/,/,/,/
IGKV3-20,IGKJ5,CQQYGIPTF,IGHV4-59,IGHJ2,CARDRHPYGDYGYWYFDLW,JB,Mature,0,/,/,/,/,/
IGKV1D-39,IGKJ2,CQQSYSTPHTF,IGHV5-51,IGHJ6,CARHVWSVVPAAQDPYYYYGMDVW,JB,Mature,0,/,/,/,/,/
IGKV1-5,IGKJ1,CQQYNSLGTF,IGHV3-9,IGHJ4,CARDVVGATTAFDYW,JB,Mature,0,/,/,/,/,/
IGKV3-15,IGKJ2,CQQYNNWPLYTF,IGHV4-39,IGHJ4,CARDQEPLEMAAVGGVDYW,JB,Mature,0,/,/,/,/,/
IGKV1-9,IGKJ3,CQQLNSYPPFTF,IGHV3-30,IGHJ4,CARDPGTTGFFDYW,JB,Mature,0,/,/,/,/,/
IGKV1D-39,IGKJ2,CQQSYSTPRTF,IGHV4-34,IGHJ4,CARVGGYSGYARGGYW,JB,Mature,0,/,/,/,/,/
IGLV2-8,IGLJ1,CSTYAGSNNLF,IGHV1-69,IGHJ6,CARNQRYSYGYGYYYYGMDVW,JB,Mature,0,/,/,/,/,/
IGLV1-44,IGLJ2,CAAWDDSVVVF,IGHV5-51,IGHJ4,CARGLLGSGYLDYW,JB,Mature,4,X,X,X,/,X
IGLV9-49,IGLJ3,CGADHGSGSNFAWVF,IGHV3-30,IGHJ4,CARHDYGGDYW,JB,Mature,0,/,/,/,/,/
IGLV1-44,IGLJ2,CAAWDDSLNVVF,IGHV5-51,IGHJ3,CARYYRYDAFDIW,JB,Mature,0,/,/,/,/,/
IGLV3-1,IGLJ1,CQAWDSSTFYVF,IGHV4-39,IGHJ4,CARDIIYHSEPCYFDYW,JB,Mature,0,/,/,/,/,/
IGLV3-25,IGLJ1,CQSADSSGTYRVF,IGHV1-69,IGHJ5,CAREPPSHHCGGDCYLAPW,JB,Mature,0,/,/,/,/,/
IGLV2-23,IGLJ2,CCSCAGSSTHVVF,IGHV4-59,IGHJ3,CARNQAIFNNWNWGHAFDIW,JB,Mature,4,/,X,X,X,X
IGLV2-14,IGLJ2,CSSYTSSSTLSLSLF,IGHV3-48,IGHJ3,CARSLVVSYAFDIW,JB,Mature,0,/,/,/,/,/
IGLV3-21,IGLJ2,CQVWDTSSDHPHVVF,IGHV4-39,IGHJ4,CARVFNRMWELSPLYYFDYW,JB,Mature,5,X,X,X,X,X
IGLV1-51,IGLJ2,CGTWDSSLSAVVF,IGHV3-21,IGHJ3,CARECDTANDAFDIW,JB,Mature,0,/,/,/,/,/
IGLV1-40,IGLJ2,CQSYDSSLSGVVF,IGHV1-69,IGHJ4,CARDLASGEGFDYW,JB,Mature,0,/,/,/,/,/
IGLV1-47,IGLJ3,CAAWDDSLSGWVF,IGHV1-46,IGHJ6,CARGEDQGDYYYGMDVW,JB,Mature,0,/,/,/,/,/
IGLV1-47,IGLJ2,CAAWDDSLSGVVF,IGHV3-9,IGHJ3,CARHIIQWLVTGDAFDIW,JB,Mature,0,/,/,/,/,/
IGLV2-14,IGLJ3,CSSYTSSSSRVF,IGHV1-18,IGHJ3,CARGGRSDYDAFDIW,JB,Mature,0,/,/,/,/,/
IGLV2-23,IGLJ3,CCSCAGSSTSWVF,IGHV4-39,IGHJ4,CARAKLAATQLRGYYFDYW,JB,Mature,1,/,/,/,/,X
IGLV3-1,IGLJ2,CQAWDSSTAVF,IGHV1-2,IGHJ4,CAREDVDLNYW,JB,Mature,0,/,/,/,/,/
